EmployeeNumber;EnvironmentSatisfaction;JobInvolvement;JobSatisfaction;RelationshipSatisfaction;WorkLifeBalance;Datasurvey
2;2;4;2;3;4;04/02/2026
5;2;3;3;3;3;04/02/2026
7;1;3;2;3;4;04/02/2026
8;2;3;3;2;3;04/02/2026
10;2;4;1;2;1;04/02/2026
11;2;3;3;3;2;04/02/2026
12;2;4;3;3;2;04/02/2026
13;2;3;3;2;2;04/02/2026
14;1;4;2;3;3;04/02/2026
15;2;4;3;3;4;04/02/2026
16;1;3;3;2;4;04/02/2026
18;2;3;3;3;3;04/02/2026
20;2;4;1;3;3;04/02/2026
21;1;4;2;2;4;04/02/2026
22;2;4;3;2;2;04/02/2026
23;1;4;3;3;3;04/02/2026
24;2;3;3;3;3;04/02/2026
26;1;4;3;2;4;04/02/2026
28;1;3;2;3;3;04/02/2026
30;2;3;3;3;4;04/02/2026
32;2;3;3;2;4;04/02/2026
35;2;3;2;3;4;04/02/2026
36;1;4;3;3;4;04/02/2026
38;2;3;1;2;4;04/02/2026
39;2;3;3;3;4;04/02/2026
40;2;3;3;4;4;04/02/2026
41;2;4;3;3;1;04/02/2026
46;2;4;3;2;4;04/02/2026
49;2;3;3;3;1;04/02/2026
51;2;4;1;4;4;04/02/2026
52;2;4;1;3;1;04/02/2026
53;2;3;3;3;3;04/02/2026
54;2;3;1;3;4;04/02/2026
56;2;3;3;3;4;04/02/2026
57;2;3;3;3;4;04/02/2026
60;2;3;3;3;3;04/02/2026
61;2;3;2;3;1;04/02/2026
62;1;3;3;3;3;04/02/2026
63;2;4;3;3;4;04/02/2026
68;2;3;1;2;3;04/02/2026
70;2;4;1;3;3;04/02/2026
72;2;4;3;2;3;04/02/2026
73;1;3;3;3;3;04/02/2026
74;2;3;1;2;4;04/02/2026
75;2;3;1;3;3;04/02/2026
76;2;3;3;2;4;04/02/2026
77;1;4;3;4;3;04/02/2026
78;1;3;3;3;2;04/02/2026
79;2;3;3;3;4;04/02/2026
80;2;4;3;2;4;04/02/2026
81;1;3;1;2;4;04/02/2026
83;2;3;3;3;2;04/02/2026
84;2;3;3;3;3;04/02/2026
85;2;4;2;3;3;04/02/2026
86;2;3;1;3;3;04/02/2026
88;2;3;1;2;4;04/02/2026
91;1;4;3;2;4;04/02/2026
94;2;3;2;3;4;04/02/2026
95;2;3;2;3;2;04/02/2026
96;2;3;2;3;2;04/02/2026
97;2;4;3;3;2;04/02/2026
98;2;3;3;3;4;04/02/2026
100;2;4;1;3;2;04/02/2026
101;2;3;1;4;2;04/02/2026
102;1;3;3;4;1;04/02/2026
103;2;3;2;3;4;04/02/2026
104;2;4;3;2;3;04/02/2026
105;2;4;3;3;1;04/02/2026
106;1;3;3;3;4;04/02/2026
107;2;4;3;3;4;04/02/2026
110;1;3;2;3;3;04/02/2026
112;2;4;3;2;1;04/02/2026
113;2;3;1;3;3;04/02/2026
116;2;3;3;3;2;04/02/2026
117;2;4;3;3;1;04/02/2026
119;2;4;2;2;4;04/02/2026
120;2;3;3;1;4;04/02/2026
121;2;4;2;2;2;04/02/2026
124;2;4;1;2;3;04/02/2026
125;2;3;3;3;1;04/02/2026
126;1;3;3;1;1;04/02/2026
128;1;3;3;2;1;04/02/2026
129;2;3;3;4;2;04/02/2026
131;2;3;3;2;3;04/02/2026
132;2;3;2;4;3;04/02/2026
134;2;3;1;3;4;04/02/2026
138;1;3;3;3;3;04/02/2026
139;2;4;3;4;4;04/02/2026
140;2;4;3;3;4;04/02/2026
141;1;3;2;2;1;04/02/2026
143;2;4;3;3;3;04/02/2026
144;2;3;3;3;3;04/02/2026
145;1;4;1;2;3;04/02/2026
148;2;4;3;3;3;04/02/2026
150;2;3;3;3;3;04/02/2026
151;2;4;2;3;3;04/02/2026
152;2;3;3;3;1;04/02/2026
153;2;4;1;3;4;04/02/2026
154;2;3;3;3;3;04/02/2026
155;1;3;3;3;1;04/02/2026
158;2;3;3;4;4;04/02/2026
159;1;4;3;2;3;04/02/2026
160;2;3;2;4;1;04/02/2026
162;1;3;3;3;3;04/02/2026
164;2;4;2;2;3;04/02/2026
169;2;3;3;3;3;04/02/2026
170;2;3;1;2;3;04/02/2026
171;2;4;3;3;4;04/02/2026
174;2;3;3;3;4;04/02/2026
176;2;3;3;3;3;04/02/2026
177;2;3;3;3;4;04/02/2026
178;2;3;2;3;4;04/02/2026
182;2;4;3;4;3;04/02/2026
183;1;4;3;3;4;04/02/2026
184;2;3;3;1;4;04/02/2026
192;2;3;3;2;2;04/02/2026
193;2;3;3;3;2;04/02/2026
194;1;3;3;2;3;04/02/2026
195;2;4;3;4;4;04/02/2026
197;2;3;1;3;4;04/02/2026
198;2;4;3;3;4;04/02/2026
199;2;4;1;2;2;04/02/2026
200;2;3;1;3;4;04/02/2026
201;2;3;2;3;4;04/02/2026
202;2;3;2;3;1;04/02/2026
204;2;3;2;3;1;04/02/2026
205;2;3;3;1;4;04/02/2026
206;2;3;2;1;3;04/02/2026
207;2;3;3;3;4;04/02/2026
208;2;3;3;3;1;04/02/2026
211;2;4;3;3;3;04/02/2026
214;2;4;2;2;2;04/02/2026
215;2;4;3;2;1;04/02/2026
216;2;3;3;3;4;04/02/2026
217;2;3;3;3;1;04/02/2026
218;2;3;2;1;4;04/02/2026
221;2;3;3;1;3;04/02/2026
223;2;4;3;1;2;04/02/2026
224;2;4;3;2;4;04/02/2026
226;2;3;2;3;2;04/02/2026
227;1;3;3;3;1;04/02/2026
228;2;3;3;3;3;04/02/2026
230;1;4;3;4;3;04/02/2026
231;2;3;3;3;1;04/02/2026
233;2;3;2;2;4;04/02/2026
238;2;3;2;2;3;04/02/2026
239;2;3;1;3;3;04/02/2026
240;2;3;1;4;1;04/02/2026
241;2;3;1;3;3;04/02/2026
242;2;3;3;4;1;04/02/2026
244;2;3;1;3;3;04/02/2026
245;2;3;3;3;3;04/02/2026
246;2;3;3;3;3;04/02/2026
247;2;3;2;3;4;04/02/2026
249;2;4;3;2;4;04/02/2026
250;2;4;1;3;3;04/02/2026
252;2;3;2;3;4;04/02/2026
253;2;3;3;3;2;04/02/2026
254;2;4;2;3;4;04/02/2026
256;2;4;3;2;3;04/02/2026
258;2;3;2;3;3;04/02/2026
259;2;4;3;3;1;04/02/2026
260;2;3;2;2;4;04/02/2026
262;2;4;3;4;4;04/02/2026
264;1;4;3;3;4;04/02/2026
267;2;4;1;2;1;04/02/2026
269;2;3;2;3;4;04/02/2026
270;2;3;3;3;2;04/02/2026
271;2;3;3;3;2;04/02/2026
273;2;3;3;1;1;04/02/2026
274;2;4;1;3;3;04/02/2026
275;2;3;3;3;1;04/02/2026
277;2;3;3;4;4;04/02/2026
281;2;3;3;4;3;04/02/2026
284;2;4;2;2;1;04/02/2026
286;2;3;3;3;1;04/02/2026
287;2;4;3;1;4;04/02/2026
288;2;3;1;3;3;04/02/2026
292;2;4;3;3;3;04/02/2026
293;2;3;3;3;4;04/02/2026
296;2;4;2;1;4;04/02/2026
298;2;3;3;3;3;04/02/2026
302;2;4;3;3;4;04/02/2026
303;2;3;1;3;4;04/02/2026
304;2;3;2;4;4;04/02/2026
305;2;4;2;3;4;04/02/2026
306;2;3;3;3;3;04/02/2026
307;1;3;3;2;3;04/02/2026
308;2;4;3;3;4;04/02/2026
309;2;4;3;3;1;04/02/2026
311;1;3;3;3;3;04/02/2026
312;2;3;3;3;4;04/02/2026
314;2;3;3;4;1;04/02/2026
316;2;4;3;2;2;04/02/2026
319;2;3;3;3;4;04/02/2026
321;2;3;3;2;4;04/02/2026
323;2;3;3;2;3;04/02/2026
327;2;3;3;3;3;04/02/2026
329;1;4;3;4;4;04/02/2026
330;2;3;2;3;1;04/02/2026
332;2;3;3;3;3;04/02/2026
333;2;3;3;3;1;04/02/2026
334;2;3;1;2;1;04/02/2026
335;1;3;3;3;1;04/02/2026
336;2;4;3;3;3;04/02/2026
337;2;3;3;3;1;04/02/2026
338;2;4;3;2;3;04/02/2026
339;2;4;1;3;2;04/02/2026
340;2;4;1;2;1;04/02/2026
341;1;4;3;3;4;04/02/2026
343;2;3;3;3;4;04/02/2026
346;2;3;3;3;1;04/02/2026
347;2;4;1;3;3;04/02/2026
349;2;3;3;3;4;04/02/2026
350;1;3;3;3;4;04/02/2026
351;2;4;1;3;3;04/02/2026
352;1;3;3;3;4;04/02/2026
353;2;3;3;2;2;04/02/2026
359;2;4;2;1;3;04/02/2026
361;2;4;3;3;4;04/02/2026
362;2;4;1;3;4;04/02/2026
363;2;4;2;2;2;04/02/2026
366;1;4;2;3;2;04/02/2026
367;2;4;3;3;2;04/02/2026
369;2;4;1;3;4;04/02/2026
372;2;3;3;3;2;04/02/2026
373;2;3;3;3;3;04/02/2026
374;2;3;1;3;3;04/02/2026
377;2;3;3;2;4;04/02/2026
378;2;3;3;4;2;04/02/2026
379;2;4;3;4;1;04/02/2026
380;1;3;3;3;1;04/02/2026
381;2;4;2;2;2;04/02/2026
382;1;4;1;3;3;04/02/2026
384;2;3;2;1;1;04/02/2026
385;1;3;2;2;1;04/02/2026
386;2;3;3;2;4;04/02/2026
387;2;3;3;3;3;04/02/2026
388;2;3;3;2;1;04/02/2026
389;2;3;3;3;4;04/02/2026
390;1;3;1;3;3;04/02/2026
391;2;3;3;3;2;04/02/2026
393;2;3;3;3;2;04/02/2026
395;2;3;3;3;4;04/02/2026
396;2;3;1;3;4;04/02/2026
397;2;3;2;3;4;04/02/2026
399;2;3;2;2;3;04/02/2026
403;2;3;3;2;3;04/02/2026
404;2;3;2;4;4;04/02/2026
406;2;3;2;2;3;04/02/2026
407;2;4;3;3;4;04/02/2026
408;2;4;2;3;4;04/02/2026
410;2;3;2;3;2;04/02/2026
411;2;4;3;3;1;04/02/2026
412;2;4;1;3;3;04/02/2026
416;2;4;3;2;2;04/02/2026
417;2;4;3;2;1;04/02/2026
419;2;3;2;3;3;04/02/2026
420;2;4;3;2;3;04/02/2026
421;1;4;2;3;3;04/02/2026
422;2;4;3;3;4;04/02/2026
423;2;3;3;3;3;04/02/2026
424;1;4;1;3;4;04/02/2026
425;1;3;1;3;1;04/02/2026
426;2;3;3;1;2;04/02/2026
428;2;3;2;3;2;04/02/2026
429;2;3;1;3;4;04/02/2026
430;2;3;3;3;1;04/02/2026
431;2;4;3;3;4;04/02/2026
434;2;3;2;2;2;04/02/2026
436;2;4;2;3;4;04/02/2026
437;2;3;3;3;1;04/02/2026
438;2;3;3;3;4;04/02/2026
439;1;4;3;2;3;04/02/2026
441;2;3;3;3;4;04/02/2026
442;2;4;3;3;1;04/02/2026
444;2;4;3;3;1;04/02/2026
446;2;4;3;2;3;04/02/2026
447;2;3;3;3;2;04/02/2026
448;2;4;3;4;2;04/02/2026
449;2;3;2;3;4;04/02/2026
450;2;3;3;2;4;04/02/2026
451;2;3;1;2;1;04/02/2026
452;2;3;3;3;1;04/02/2026
453;2;4;3;2;3;04/02/2026
455;2;4;3;3;3;04/02/2026
456;2;4;3;3;3;04/02/2026
458;2;3;2;3;1;04/02/2026
460;2;3;3;2;3;04/02/2026
461;2;4;3;3;2;04/02/2026
462;2;3;3;2;3;04/02/2026
463;2;4;2;3;1;04/02/2026
464;2;3;2;3;4;04/02/2026
465;2;3;3;2;3;04/02/2026
466;2;4;2;3;4;04/02/2026
467;2;3;3;3;1;04/02/2026
468;1;3;3;3;2;04/02/2026
469;2;3;3;2;1;04/02/2026
470;2;3;3;3;3;04/02/2026
471;2;3;2;3;3;04/02/2026
473;1;3;3;1;2;04/02/2026
474;2;4;1;3;1;04/02/2026
475;2;3;3;4;2;04/02/2026
476;2;3;3;3;2;04/02/2026
477;1;4;3;3;2;04/02/2026
479;2;3;3;3;2;04/02/2026
481;1;4;3;3;1;04/02/2026
482;2;3;3;3;3;04/02/2026
483;2;4;3;3;3;04/02/2026
484;1;3;3;2;3;04/02/2026
486;2;3;1;3;2;04/02/2026
487;2;3;3;4;3;04/02/2026
491;2;4;3;3;4;04/02/2026
493;2;4;2;3;4;04/02/2026
495;2;3;3;3;4;04/02/2026
496;2;4;2;3;3;04/02/2026
497;2;3;2;3;2;04/02/2026
498;2;3;3;3;4;04/02/2026
499;2;4;3;3;3;04/02/2026
500;2;3;3;2;3;04/02/2026
501;2;3;3;3;2;04/02/2026
505;2;3;3;3;3;04/02/2026
507;2;3;3;4;4;04/02/2026
508;2;3;2;3;1;04/02/2026
511;1;3;2;3;4;04/02/2026
513;2;4;3;3;2;04/02/2026
515;2;3;1;2;3;04/02/2026
516;2;3;2;3;3;04/02/2026
517;2;3;1;3;2;04/02/2026
518;2;3;2;2;4;04/02/2026
520;1;4;2;3;3;04/02/2026
521;2;4;3;3;2;04/02/2026
522;1;3;1;2;3;04/02/2026
523;2;3;3;3;1;04/02/2026
524;2;3;1;1;2;04/02/2026
525;2;3;3;3;1;04/02/2026
526;2;3;3;3;4;04/02/2026
527;2;4;3;3;2;04/02/2026
529;2;3;3;3;1;04/02/2026
530;2;4;1;3;3;04/02/2026
531;2;3;3;3;3;04/02/2026
532;2;4;1;2;4;04/02/2026
533;2;3;3;3;2;04/02/2026
534;2;4;1;3;3;04/02/2026
536;2;3;1;3;4;04/02/2026
543;2;4;3;3;3;04/02/2026
544;1;3;3;2;4;04/02/2026
546;2;3;3;1;4;04/02/2026
547;1;3;3;3;2;04/02/2026
548;2;4;3;3;3;04/02/2026
549;1;3;1;1;4;04/02/2026
550;2;3;3;2;3;04/02/2026
551;2;4;3;4;4;04/02/2026
556;2;3;3;3;3;04/02/2026
558;2;3;3;3;4;04/02/2026
560;1;3;3;1;2;04/02/2026
562;2;3;3;1;3;04/02/2026
564;2;4;3;3;3;04/02/2026
567;2;3;1;3;3;04/02/2026
568;1;4;3;2;3;04/02/2026
569;2;4;3;3;2;04/02/2026
571;2;3;3;2;3;04/02/2026
573;2;4;1;4;4;04/02/2026
574;1;3;3;3;3;04/02/2026
575;1;3;3;1;3;04/02/2026
577;2;4;3;3;3;04/02/2026
578;2;3;3;3;3;04/02/2026
579;2;4;3;3;3;04/02/2026
580;2;4;3;3;3;04/02/2026
581;2;3;2;4;4;04/02/2026
585;2;3;2;3;1;04/02/2026
586;2;3;3;3;3;04/02/2026
591;2;3;3;3;4;04/02/2026
592;2;3;3;2;4;04/02/2026
595;2;3;3;3;1;04/02/2026
597;1;3;2;3;4;04/02/2026
599;2;3;3;3;4;04/02/2026
600;2;3;3;3;3;04/02/2026
601;2;3;3;3;3;04/02/2026
602;2;3;3;3;1;04/02/2026
604;2;3;3;4;3;04/02/2026
605;2;3;1;2;4;04/02/2026
606;2;3;2;4;2;04/02/2026
611;2;3;3;4;2;04/02/2026
612;1;4;3;3;3;04/02/2026
613;2;4;3;2;3;04/02/2026
615;2;4;1;3;3;04/02/2026
616;1;4;3;3;1;04/02/2026
618;1;3;3;3;1;04/02/2026
620;1;3;3;3;4;04/02/2026
621;2;4;3;3;4;04/02/2026
623;2;3;3;4;4;04/02/2026
624;1;3;3;2;4;04/02/2026
625;2;3;1;3;2;04/02/2026
626;1;3;2;3;4;04/02/2026
630;2;3;1;3;2;04/02/2026
632;2;3;3;3;3;04/02/2026
634;2;3;3;3;3;04/02/2026
635;2;3;2;2;2;04/02/2026
638;2;4;3;3;3;04/02/2026
639;2;4;3;3;2;04/02/2026
641;1;3;2;4;4;04/02/2026
643;2;4;2;3;4;04/02/2026
644;1;3;2;3;3;04/02/2026
645;2;3;3;3;3;04/02/2026
649;2;4;3;3;4;04/02/2026
652;1;4;3;3;4;04/02/2026
653;1;4;3;4;4;04/02/2026
655;1;4;3;2;3;04/02/2026
656;2;3;3;2;3;04/02/2026
657;2;4;2;4;4;04/02/2026
659;2;3;3;3;2;04/02/2026
661;2;4;3;2;3;04/02/2026
662;2;3;1;2;4;04/02/2026
663;2;3;3;3;2;04/02/2026
664;2;4;1;1;1;04/02/2026
665;1;4;3;4;2;04/02/2026
666;2;3;3;3;4;04/02/2026
669;2;3;3;3;3;04/02/2026
671;2;3;3;4;1;04/02/2026
675;1;3;3;3;4;04/02/2026
677;2;3;3;3;4;04/02/2026
679;1;3;3;2;4;04/02/2026
680;2;3;3;3;3;04/02/2026
682;2;3;1;4;4;04/02/2026
683;2;3;3;2;4;04/02/2026
686;2;3;3;3;3;04/02/2026
689;2;3;3;3;3;04/02/2026
690;2;3;3;2;1;04/02/2026
691;2;4;3;3;2;04/02/2026
692;2;3;3;1;3;04/02/2026
698;2;3;2;4;3;04/02/2026
699;2;4;2;3;3;04/02/2026
700;1;4;3;3;4;04/02/2026
704;2;4;3;3;3;04/02/2026
705;1;4;1;4;1;04/02/2026
707;2;4;2;3;3;04/02/2026
709;2;4;3;3;1;04/02/2026
710;2;4;3;3;4;04/02/2026
712;2;4;2;3;4;04/02/2026
714;2;4;3;3;2;04/02/2026
715;2;4;3;3;1;04/02/2026
716;2;4;3;3;3;04/02/2026
717;2;4;2;4;2;04/02/2026
721;2;4;3;3;1;04/02/2026
722;2;3;3;2;4;04/02/2026
724;2;4;3;2;3;04/02/2026
725;2;3;1;3;4;04/02/2026
727;2;3;3;3;4;04/02/2026
728;2;3;1;3;4;04/02/2026
729;2;4;1;3;3;04/02/2026
730;2;4;3;3;3;04/02/2026
731;2;4;3;2;2;04/02/2026
732;1;3;1;3;4;04/02/2026
733;2;3;1;2;3;04/02/2026
734;2;4;3;3;2;04/02/2026
738;2;3;2;3;4;04/02/2026
742;1;4;1;3;1;04/02/2026
743;2;3;3;4;4;04/02/2026
744;1;4;3;3;3;04/02/2026
746;2;3;3;2;4;04/02/2026
747;2;3;3;2;4;04/02/2026
749;2;3;3;3;3;04/02/2026
754;2;4;3;3;3;04/02/2026
757;2;3;3;3;4;04/02/2026
758;2;3;1;4;4;04/02/2026
760;2;4;2;1;3;04/02/2026
762;2;3;3;2;3;04/02/2026
763;2;4;3;2;4;04/02/2026
764;2;4;1;1;1;04/02/2026
766;2;3;2;3;4;04/02/2026
769;2;3;3;3;4;04/02/2026
771;2;3;1;4;1;04/02/2026
772;1;3;3;3;4;04/02/2026
773;2;3;3;1;2;04/02/2026
775;2;3;1;3;3;04/02/2026
776;2;4;1;4;1;04/02/2026
781;2;3;3;2;2;04/02/2026
783;2;4;3;3;1;04/02/2026
784;1;4;3;3;4;04/02/2026
786;2;3;3;3;3;04/02/2026
789;1;4;1;3;2;04/02/2026
791;2;3;3;3;1;04/02/2026
792;1;4;3;3;1;04/02/2026
793;2;3;3;2;1;04/02/2026
797;2;4;3;3;3;04/02/2026
799;2;3;1;3;2;04/02/2026
800;2;3;3;3;2;04/02/2026
802;2;3;1;2;2;04/02/2026
803;1;4;1;3;4;04/02/2026
804;2;4;1;3;3;04/02/2026
805;1;3;3;2;2;04/02/2026
806;2;4;3;3;3;04/02/2026
807;2;4;2;3;4;04/02/2026
808;2;3;1;3;2;04/02/2026
809;2;3;3;2;2;04/02/2026
812;2;4;2;3;3;04/02/2026
813;2;3;3;3;2;04/02/2026
815;2;3;3;3;4;04/02/2026
817;2;3;3;4;4;04/02/2026
820;2;3;3;2;3;04/02/2026
823;2;3;2;3;1;04/02/2026
824;2;4;3;3;3;04/02/2026
826;2;4;3;3;3;04/02/2026
827;2;4;3;3;4;04/02/2026
829;2;3;2;3;2;04/02/2026
830;2;4;3;3;3;04/02/2026
832;1;4;3;3;4;04/02/2026
833;2;4;3;2;2;04/02/2026
834;2;4;3;3;4;04/02/2026
836;2;3;2;2;4;04/02/2026
837;1;4;1;2;3;04/02/2026
838;2;4;3;3;3;04/02/2026
843;2;3;1;3;3;04/02/2026
844;2;4;3;3;2;04/02/2026
845;2;3;3;4;2;04/02/2026
846;2;3;2;3;1;04/02/2026
847;2;3;3;1;3;04/02/2026
850;2;3;3;2;3;04/02/2026
851;1;3;3;2;3;04/02/2026
852;2;3;2;2;4;04/02/2026
854;1;4;1;2;3;04/02/2026
855;1;4;1;3;1;04/02/2026
856;2;4;1;2;4;04/02/2026
857;2;3;3;2;4;04/02/2026
859;2;3;3;2;3;04/02/2026
861;2;4;3;2;2;04/02/2026
862;1;4;3;3;4;04/02/2026
864;2;3;1;3;3;04/02/2026
865;2;4;3;2;3;04/02/2026
867;2;4;3;3;3;04/02/2026
868;2;4;3;3;4;04/02/2026
869;2;4;3;3;4;04/02/2026
872;2;4;3;1;1;04/02/2026
874;1;4;3;2;3;04/02/2026
875;2;3;3;3;4;04/02/2026
878;1;4;1;3;3;04/02/2026
879;2;3;1;3;4;04/02/2026
880;2;4;3;3;2;04/02/2026
882;2;3;3;3;2;04/02/2026
885;2;4;1;4;1;04/02/2026
887;2;3;1;3;2;04/02/2026
888;1;4;3;2;4;04/02/2026
889;2;3;2;3;4;04/02/2026
893;2;4;2;3;4;04/02/2026
894;2;4;3;2;2;04/02/2026
895;2;3;3;3;2;04/02/2026
897;1;3;3;3;3;04/02/2026
899;2;4;2;3;1;04/02/2026
900;2;3;3;3;2;04/02/2026
901;2;3;3;3;3;04/02/2026
902;2;3;3;2;2;04/02/2026
903;2;3;3;3;1;04/02/2026
904;1;3;2;3;4;04/02/2026
905;1;3;1;3;4;04/02/2026
909;2;4;3;3;3;04/02/2026
910;2;3;2;4;3;04/02/2026
912;1;4;3;3;3;04/02/2026
913;2;3;1;3;4;04/02/2026
916;1;3;3;3;2;04/02/2026
920;1;3;2;4;3;04/02/2026
924;2;3;3;2;1;04/02/2026
925;2;4;3;2;1;04/02/2026
930;2;3;3;3;2;04/02/2026
933;2;3;3;3;3;04/02/2026
934;2;3;2;3;2;04/02/2026
936;2;4;3;3;1;04/02/2026
939;2;4;1;3;2;04/02/2026
940;2;4;2;3;4;04/02/2026
941;2;4;3;4;2;04/02/2026
942;2;3;3;1;4;04/02/2026
944;1;3;2;2;3;04/02/2026
945;2;3;3;2;1;04/02/2026
947;2;3;3;2;4;04/02/2026
949;2;3;3;3;3;04/02/2026
950;2;3;1;3;2;04/02/2026
951;2;4;2;3;3;04/02/2026
954;1;4;2;2;2;04/02/2026
956;2;4;1;3;2;04/02/2026
957;2;3;1;3;3;04/02/2026
958;2;3;3;3;3;04/02/2026
961;2;3;3;1;3;04/02/2026
964;2;3;2;3;4;04/02/2026
966;2;3;1;4;3;04/02/2026
969;2;4;3;3;1;04/02/2026
972;2;3;2;2;2;04/02/2026
974;2;3;3;3;2;04/02/2026
975;2;3;3;3;2;04/02/2026
976;2;3;3;2;2;04/02/2026
981;2;3;3;4;3;04/02/2026
982;2;3;3;4;1;04/02/2026
983;2;3;3;3;2;04/02/2026
984;2;3;3;3;2;04/02/2026
985;1;4;3;3;4;04/02/2026
987;2;4;3;4;3;04/02/2026
990;1;3;3;3;4;04/02/2026
992;2;3;3;3;4;04/02/2026
995;2;3;3;3;1;04/02/2026
996;2;3;3;3;4;04/02/2026
997;2;3;3;2;3;04/02/2026
998;2;4;2;3;1;04/02/2026
999;1;3;3;4;2;04/02/2026
1001;2;3;2;3;2;04/02/2026
1002;2;3;1;3;3;04/02/2026
1003;2;3;3;3;3;04/02/2026
1005;2;3;3;3;4;04/02/2026
1006;2;3;3;2;2;04/02/2026
1007;2;3;3;3;2;04/02/2026
1009;2;4;3;3;2;04/02/2026
1011;2;3;1;3;3;04/02/2026
1012;2;3;3;3;4;04/02/2026
1013;2;3;3;3;3;04/02/2026
1014;2;3;3;2;3;04/02/2026
1015;2;4;1;2;3;04/02/2026
1018;2;4;3;3;2;04/02/2026
1019;2;4;1;2;1;04/02/2026
1022;1;4;3;3;4;04/02/2026
1024;2;4;3;3;2;04/02/2026
1025;2;3;3;3;2;04/02/2026
1026;2;4;3;3;3;04/02/2026
1027;1;3;3;3;2;04/02/2026
1028;2;3;3;2;1;04/02/2026
1029;2;3;3;4;2;04/02/2026
1030;1;3;3;3;2;04/02/2026
1032;2;4;3;3;1;04/02/2026
1034;2;3;2;3;4;04/02/2026
1035;2;4;3;3;2;04/02/2026
1036;2;3;3;3;3;04/02/2026
1039;2;4;3;3;3;04/02/2026
1040;2;3;3;3;1;04/02/2026
1043;2;3;1;3;3;04/02/2026
1044;2;4;3;2;4;04/02/2026
1045;2;3;3;4;2;04/02/2026
1046;2;3;3;3;2;04/02/2026
1047;2;4;3;2;4;04/02/2026
1048;2;3;3;1;3;04/02/2026
1049;2;3;2;3;1;04/02/2026
1050;2;4;2;3;1;04/02/2026
1055;2;3;3;3;4;04/02/2026
1056;2;3;2;3;2;04/02/2026
1060;2;3;3;3;1;04/02/2026
1061;2;3;3;2;4;04/02/2026
1062;2;3;2;2;1;04/02/2026
1066;2;3;1;2;2;04/02/2026
1068;1;4;3;3;3;04/02/2026
1069;2;3;3;3;4;04/02/2026
1070;2;4;3;3;2;04/02/2026
1071;1;3;3;3;2;04/02/2026
1073;2;4;3;2;2;04/02/2026
1074;2;4;1;4;2;04/02/2026
1076;2;4;3;3;3;04/02/2026
1080;2;4;1;3;1;04/02/2026
1083;1;4;1;3;1;04/02/2026
1084;2;3;1;2;3;04/02/2026
1085;2;4;3;3;3;04/02/2026
1088;2;4;3;2;1;04/02/2026
1092;1;3;3;3;4;04/02/2026
1094;1;4;3;3;4;04/02/2026
1096;2;3;2;3;2;04/02/2026
1097;2;3;3;4;4;04/02/2026
1099;2;4;3;3;3;04/02/2026
1102;1;3;3;2;4;04/02/2026
1103;1;3;3;2;3;04/02/2026
1105;2;4;3;3;3;04/02/2026
1109;2;3;1;3;4;04/02/2026
1114;2;3;2;3;3;04/02/2026
1115;2;4;3;3;4;04/02/2026
1116;1;4;3;2;3;04/02/2026
1117;2;4;3;3;4;04/02/2026
1118;2;3;2;3;4;04/02/2026
1119;2;4;3;3;2;04/02/2026
1120;2;3;3;3;1;04/02/2026
1121;2;3;2;2;2;04/02/2026
1124;1;3;3;3;4;04/02/2026
1125;2;3;2;3;3;04/02/2026
1126;2;3;1;3;3;04/02/2026
1128;2;4;3;4;1;04/02/2026
1131;2;4;2;4;3;04/02/2026
1132;2;3;2;2;3;04/02/2026
1133;1;3;3;3;1;04/02/2026
1135;2;4;3;3;1;04/02/2026
1136;1;4;2;1;1;04/02/2026
1137;2;3;3;3;4;04/02/2026
1138;2;4;2;3;2;04/02/2026
1140;2;3;3;2;4;04/02/2026
1143;2;3;2;2;4;04/02/2026
1148;2;4;3;3;1;04/02/2026
1150;2;4;3;2;3;04/02/2026
1152;2;4;3;4;4;04/02/2026
1154;2;4;3;3;4;04/02/2026
1158;2;3;3;3;1;04/02/2026
1161;2;4;3;3;3;04/02/2026
1162;2;4;3;3;3;04/02/2026
1163;2;3;3;2;1;04/02/2026
1164;2;3;3;1;2;04/02/2026
1166;2;3;3;2;3;04/02/2026
1171;2;3;1;4;4;04/02/2026
1172;2;4;3;3;2;04/02/2026
1173;2;3;2;3;4;04/02/2026
1177;1;4;3;3;2;04/02/2026
1179;2;4;3;3;1;04/02/2026
1180;2;4;3;1;4;04/02/2026
1182;2;4;2;4;2;04/02/2026
1184;2;4;1;3;3;04/02/2026
1185;2;4;3;4;2;04/02/2026
1190;2;3;1;3;3;04/02/2026
1191;2;3;1;3;4;04/02/2026
1192;2;3;3;3;1;04/02/2026
1193;2;3;1;3;3;04/02/2026
1195;1;3;3;2;3;04/02/2026
1196;2;4;3;2;2;04/02/2026
1198;1;4;3;2;1;04/02/2026
1201;2;3;3;3;2;04/02/2026
1202;2;4;3;2;1;04/02/2026
1204;2;3;1;3;1;04/02/2026
1206;2;4;3;3;4;04/02/2026
1207;2;3;3;3;4;04/02/2026
1211;2;3;1;3;3;04/02/2026
1212;2;3;2;3;4;04/02/2026
1215;2;3;1;3;3;04/02/2026
1216;2;4;1;3;3;04/02/2026
1217;2;3;2;3;1;04/02/2026
1218;2;3;1;3;4;04/02/2026
1220;2;3;3;2;1;04/02/2026
1221;2;4;3;3;3;04/02/2026
1224;2;3;3;2;1;04/02/2026
1225;2;3;3;3;2;04/02/2026
1226;2;4;3;3;4;04/02/2026
1228;2;3;3;2;3;04/02/2026
1231;2;4;1;4;1;04/02/2026
1233;2;4;3;3;2;04/02/2026
1234;2;4;2;3;3;04/02/2026
1235;2;3;3;3;4;04/02/2026
1237;2;4;1;3;3;04/02/2026
1238;1;3;3;3;2;04/02/2026
1239;2;4;2;4;2;04/02/2026
1240;2;3;3;3;2;04/02/2026
1241;2;3;2;3;1;04/02/2026
1242;1;3;1;3;3;04/02/2026
1243;2;4;3;2;2;04/02/2026
1244;1;3;1;2;4;04/02/2026
1245;2;3;3;1;1;04/02/2026
1246;1;4;3;3;4;04/02/2026
1249;1;3;3;3;1;04/02/2026
1250;2;3;3;3;1;04/02/2026
1251;2;3;1;2;4;04/02/2026
1252;2;4;1;3;2;04/02/2026
1254;2;4;3;3;4;04/02/2026
1255;2;4;3;3;2;04/02/2026
1256;1;4;3;4;3;04/02/2026
1257;2;3;2;2;3;04/02/2026
1258;2;4;2;2;3;04/02/2026
1259;1;3;3;3;2;04/02/2026
1260;2;3;3;3;2;04/02/2026
1263;2;4;3;4;3;04/02/2026
1264;2;4;3;2;2;04/02/2026
1265;2;4;3;2;4;04/02/2026
1267;2;3;2;3;3;04/02/2026
1268;2;4;3;3;4;04/02/2026
1269;2;4;3;3;4;04/02/2026
1270;2;3;3;3;4;04/02/2026
1275;2;3;3;2;2;04/02/2026
1278;2;4;2;3;4;04/02/2026
1280;2;4;2;3;3;04/02/2026
1281;2;3;1;3;4;04/02/2026
1282;2;3;2;2;1;04/02/2026
1283;2;3;3;2;4;04/02/2026
1285;2;3;2;4;3;04/02/2026
1286;2;3;3;2;3;04/02/2026
1288;2;4;1;2;4;04/02/2026
1289;2;4;2;4;4;04/02/2026
1291;2;3;3;3;4;04/02/2026
1292;2;4;2;3;4;04/02/2026
1293;2;4;3;4;4;04/02/2026
1294;2;3;2;3;4;04/02/2026
1296;2;4;3;3;2;04/02/2026
1297;2;4;3;2;2;04/02/2026
1298;2;3;3;3;3;04/02/2026
1301;2;3;1;2;2;04/02/2026
1303;2;3;2;2;4;04/02/2026
1304;2;4;3;4;3;04/02/2026
1306;2;3;2;3;3;04/02/2026
1307;2;4;2;3;4;04/02/2026
1308;1;3;3;3;4;04/02/2026
1311;1;4;3;3;1;04/02/2026
1312;2;3;3;3;1;04/02/2026
1314;2;3;1;4;3;04/02/2026
1315;2;4;3;3;1;04/02/2026
1317;2;3;1;3;2;04/02/2026
1321;2;3;1;3;4;04/02/2026
1322;1;3;3;3;1;04/02/2026
1324;2;3;3;2;1;04/02/2026
1329;2;4;2;3;1;04/02/2026
1334;2;3;3;2;4;04/02/2026
1336;2;4;3;3;4;04/02/2026
1338;2;3;2;3;1;04/02/2026
1340;2;3;3;3;2;04/02/2026
1344;2;3;3;2;4;04/02/2026
1346;2;3;3;3;3;04/02/2026
1349;2;3;1;3;4;04/02/2026
1350;2;3;3;3;2;04/02/2026
1352;2;3;2;3;2;04/02/2026
1355;2;3;1;3;4;04/02/2026
1356;2;3;1;4;4;04/02/2026
1358;2;3;3;2;3;04/02/2026
1361;2;3;2;3;3;04/02/2026
1362;1;4;1;2;4;04/02/2026
1363;2;3;3;3;3;04/02/2026
1364;2;4;3;3;2;04/02/2026
1367;2;4;2;2;2;04/02/2026
1368;2;3;3;4;3;04/02/2026
1369;2;4;3;3;2;04/02/2026
1371;2;4;3;3;2;04/02/2026
1373;2;3;2;3;1;04/02/2026
1374;1;4;3;3;3;04/02/2026
1375;2;4;3;3;2;04/02/2026
1377;2;3;3;3;1;04/02/2026
1382;2;4;3;3;4;04/02/2026
1383;2;3;3;4;4;04/02/2026
1387;2;4;1;3;3;04/02/2026
1390;1;4;3;4;4;04/02/2026
1391;2;3;2;3;2;04/02/2026
1392;2;3;3;2;1;04/02/2026
1394;2;3;3;3;4;04/02/2026
1395;2;3;3;4;1;04/02/2026
1396;2;3;2;2;1;04/02/2026
1397;2;3;3;3;2;04/02/2026
1399;1;4;3;2;2;04/02/2026
1401;2;4;3;2;2;04/02/2026
1402;1;4;3;1;1;04/02/2026
1403;2;4;3;3;4;04/02/2026
1407;1;4;3;3;4;04/02/2026
1408;2;3;1;3;3;04/02/2026
1409;2;3;1;1;3;04/02/2026
1411;1;3;3;3;1;04/02/2026
1412;2;3;3;3;3;04/02/2026
1415;1;3;3;2;2;04/02/2026
1417;2;4;1;3;4;04/02/2026
1419;2;4;1;2;1;04/02/2026
1422;2;3;3;2;4;04/02/2026
1423;2;3;1;3;3;04/02/2026
1424;2;4;3;4;4;04/02/2026
1425;1;3;2;3;4;04/02/2026
1428;2;3;1;3;2;04/02/2026
1430;1;3;2;4;3;04/02/2026
1431;2;3;1;3;3;04/02/2026
1434;2;3;1;4;2;04/02/2026
1435;1;4;3;2;3;04/02/2026
1436;2;4;1;2;1;04/02/2026
1438;1;3;3;2;3;04/02/2026
1440;2;4;3;1;1;04/02/2026
1441;1;3;1;4;4;04/02/2026
1443;1;3;3;4;2;04/02/2026
1445;2;3;3;3;3;04/02/2026
1446;2;3;3;2;3;04/02/2026
1447;2;4;2;2;1;04/02/2026
1448;2;4;3;2;1;04/02/2026
1449;2;3;3;4;3;04/02/2026
1453;1;3;3;3;1;04/02/2026
1460;2;4;1;3;2;04/02/2026
1461;2;4;2;3;4;04/02/2026
1465;2;3;3;4;4;04/02/2026
1466;2;3;1;3;1;04/02/2026
1468;2;4;2;3;3;04/02/2026
1469;2;3;1;3;4;04/02/2026
1471;2;4;3;3;4;04/02/2026
1472;2;4;2;2;2;04/02/2026
1473;1;3;3;2;2;04/02/2026
1474;2;3;3;4;3;04/02/2026
1475;2;3;2;2;3;04/02/2026
1477;2;3;1;3;1;04/02/2026
1478;2;4;1;3;4;04/02/2026
1479;2;3;3;2;3;04/02/2026
1480;1;3;3;3;3;04/02/2026
1481;1;3;3;2;3;04/02/2026
1482;2;3;3;2;2;04/02/2026
1483;2;4;3;2;1;04/02/2026
1484;2;3;2;3;2;04/02/2026
1485;2;3;1;2;4;04/02/2026
1492;2;3;3;3;1;04/02/2026
1495;2;3;2;3;3;04/02/2026
1496;2;3;3;2;2;04/02/2026
1497;2;4;3;3;3;04/02/2026
1499;2;3;3;4;1;04/02/2026
1501;2;3;3;3;2;04/02/2026
1502;1;4;2;3;4;04/02/2026
1503;2;3;3;2;3;04/02/2026
1506;1;4;3;1;4;04/02/2026
1507;2;3;1;3;4;04/02/2026
1509;2;4;1;3;1;04/02/2026
1513;2;3;2;3;3;04/02/2026
1514;2;4;2;2;2;04/02/2026
1515;2;3;3;3;1;04/02/2026
1516;2;3;3;4;2;04/02/2026
1520;2;3;3;3;1;04/02/2026
1523;2;3;1;4;3;04/02/2026
1525;2;3;2;3;4;04/02/2026
1527;2;3;2;4;4;04/02/2026
1529;2;4;2;1;4;04/02/2026
1533;1;3;3;3;2;04/02/2026
1535;2;4;3;3;4;04/02/2026
1539;2;4;3;3;4;04/02/2026
1541;2;3;3;3;2;04/02/2026
1542;2;4;2;3;2;04/02/2026
1543;1;3;3;3;1;04/02/2026
1544;2;4;1;3;3;04/02/2026
1545;2;4;2;3;4;04/02/2026
1546;2;3;3;3;4;04/02/2026
1547;2;3;3;1;3;04/02/2026
1548;1;3;1;4;4;04/02/2026
1549;2;3;3;3;2;04/02/2026
1550;2;3;3;3;4;04/02/2026
1551;2;4;1;3;2;04/02/2026
1552;2;3;3;3;3;04/02/2026
1553;1;3;2;3;1;04/02/2026
1554;2;4;3;3;1;04/02/2026
1555;2;4;2;3;1;04/02/2026
1556;2;3;3;2;4;04/02/2026
1557;2;3;3;3;3;04/02/2026
1558;2;4;3;2;1;04/02/2026
1560;1;3;1;1;4;04/02/2026
1563;2;3;3;3;3;04/02/2026
1564;2;4;1;3;2;04/02/2026
1568;2;3;2;3;2;04/02/2026
1574;2;3;1;2;2;04/02/2026
1576;2;3;1;2;4;04/02/2026
1577;1;3;3;1;3;04/02/2026
1578;2;4;3;3;3;04/02/2026
1580;2;3;3;2;2;04/02/2026
1581;1;3;3;3;1;04/02/2026
1582;2;3;2;3;4;04/02/2026
1583;2;3;2;4;2;04/02/2026
1585;2;3;3;3;1;04/02/2026
1586;2;3;1;3;4;04/02/2026
1587;1;3;3;3;3;04/02/2026
1588;2;4;3;3;1;04/02/2026
1590;1;3;3;4;4;04/02/2026
1591;2;3;3;3;3;04/02/2026
1592;2;4;3;3;4;04/02/2026
1594;1;4;1;3;4;04/02/2026
1595;2;4;3;3;4;04/02/2026
1596;2;4;3;2;4;04/02/2026
1597;2;4;3;2;2;04/02/2026
1598;2;3;1;3;3;04/02/2026
1599;2;4;2;3;3;04/02/2026
1601;2;4;3;2;4;04/02/2026
1602;2;4;1;1;2;04/02/2026
1605;2;4;3;2;2;04/02/2026
1606;2;3;3;3;3;04/02/2026
1607;2;4;3;3;4;04/02/2026
1608;2;3;3;2;4;04/02/2026
1609;2;4;2;2;2;04/02/2026
1611;2;4;1;3;1;04/02/2026
1612;1;4;1;3;1;04/02/2026
1613;2;3;1;3;4;04/02/2026
1614;2;3;3;3;2;04/02/2026
1615;2;4;3;3;1;04/02/2026
1617;2;3;1;2;4;04/02/2026
1618;2;3;1;3;4;04/02/2026
1619;2;4;1;3;1;04/02/2026
1621;2;4;1;3;4;04/02/2026
1622;2;4;1;2;2;04/02/2026
1623;2;3;3;3;3;04/02/2026
1625;2;3;3;3;3;04/02/2026
1627;2;4;3;3;4;04/02/2026
1628;1;4;3;3;4;04/02/2026
1630;2;3;3;3;4;04/02/2026
1631;2;3;3;2;1;04/02/2026
1633;1;3;3;1;4;04/02/2026
1635;2;4;3;3;1;04/02/2026
1638;2;4;3;4;4;04/02/2026
1640;2;3;2;1;1;04/02/2026
1641;2;3;3;2;4;04/02/2026
1642;1;3;3;3;3;04/02/2026
1644;2;4;3;3;2;04/02/2026
1646;1;3;3;3;3;04/02/2026
1647;2;4;3;3;1;04/02/2026
1648;2;3;3;2;3;04/02/2026
1650;2;4;3;3;3;04/02/2026
1651;2;3;1;3;3;04/02/2026
1653;2;4;3;3;3;04/02/2026
1654;2;3;2;3;3;04/02/2026
1655;1;3;2;3;2;04/02/2026
1656;2;4;1;3;3;04/02/2026
1657;2;3;3;3;1;04/02/2026
1658;2;3;2;3;3;04/02/2026
1659;1;3;2;3;3;04/02/2026
1661;2;4;3;3;2;04/02/2026
1662;2;4;3;3;3;04/02/2026
1664;2;4;1;3;1;04/02/2026
1665;2;3;3;3;3;04/02/2026
1666;2;4;3;3;1;04/02/2026
1668;2;3;3;4;4;04/02/2026
1669;1;4;2;2;2;04/02/2026
1670;2;3;3;3;3;04/02/2026
1671;2;3;2;2;3;04/02/2026
1673;1;3;3;3;1;04/02/2026
1674;2;3;1;2;2;04/02/2026
1675;2;4;2;3;2;04/02/2026
1676;2;4;2;3;3;04/02/2026
1677;2;3;3;3;1;04/02/2026
1678;2;3;3;3;4;04/02/2026
1680;2;3;1;3;1;04/02/2026
1681;2;3;3;3;3;04/02/2026
1682;1;3;3;2;2;04/02/2026
1683;2;3;3;3;1;04/02/2026
1687;2;3;3;2;4;04/02/2026
1689;2;4;3;3;3;04/02/2026
1693;2;3;3;3;3;04/02/2026
1694;1;4;2;3;4;04/02/2026
1696;2;4;3;4;3;04/02/2026
1697;2;4;3;4;3;04/02/2026
1698;2;4;2;3;4;04/02/2026
1700;2;4;3;2;3;04/02/2026
1701;2;4;3;3;2;04/02/2026
1703;2;4;3;3;2;04/02/2026
1704;1;4;3;4;3;04/02/2026
1706;2;3;3;3;1;04/02/2026
1707;2;4;3;3;4;04/02/2026
1708;2;3;3;3;2;04/02/2026
1709;2;3;3;3;3;04/02/2026
1710;2;3;3;2;3;04/02/2026
1712;2;4;3;2;4;04/02/2026
1718;2;4;3;4;3;04/02/2026
1719;2;4;2;3;3;04/02/2026
1720;1;3;3;2;1;04/02/2026
1721;2;3;3;4;4;04/02/2026
1722;2;4;2;3;2;04/02/2026
1724;2;3;1;3;2;04/02/2026
1725;2;3;1;4;2;04/02/2026
1727;2;3;2;3;4;04/02/2026
1728;2;3;3;3;2;04/02/2026
1729;2;3;3;2;2;04/02/2026
1731;2;3;2;1;4;04/02/2026
1732;2;3;3;2;2;04/02/2026
1735;2;3;2;1;3;04/02/2026
1736;2;3;3;2;4;04/02/2026
1737;2;3;3;3;4;04/02/2026
1739;2;4;3;1;3;04/02/2026
1740;2;3;2;2;2;04/02/2026
1744;2;4;3;4;3;04/02/2026
1745;2;4;1;3;4;04/02/2026
1746;1;3;3;3;4;04/02/2026
1749;1;3;3;3;3;04/02/2026
1751;2;3;3;2;3;04/02/2026
1753;2;4;3;4;4;04/02/2026
1754;2;4;1;3;1;04/02/2026
1755;2;4;3;3;1;04/02/2026
1756;2;3;2;2;4;04/02/2026
1757;2;3;3;4;3;04/02/2026
1760;2;4;2;2;2;04/02/2026
1762;2;4;1;3;3;04/02/2026
1763;2;4;3;3;3;04/02/2026
1764;2;3;2;3;2;04/02/2026
1766;2;4;3;3;3;04/02/2026
1768;2;3;2;2;2;04/02/2026
1770;2;4;1;3;2;04/02/2026
1771;2;3;2;2;4;04/02/2026
1772;2;3;1;3;2;04/02/2026
1774;2;3;3;3;3;04/02/2026
1775;1;4;3;2;4;04/02/2026
1778;2;3;3;3;2;04/02/2026
1779;2;4;3;3;1;04/02/2026
1782;2;4;3;3;2;04/02/2026
1784;1;4;3;3;1;04/02/2026
1786;1;3;3;3;4;04/02/2026
1787;2;4;2;3;1;04/02/2026
1789;2;3;3;3;3;04/02/2026
1790;2;3;1;3;4;04/02/2026
1794;2;3;2;2;3;04/02/2026
1798;2;4;1;3;2;04/02/2026
1799;2;3;3;4;3;04/02/2026
1800;2;3;3;3;3;04/02/2026
1801;2;4;2;3;3;04/02/2026
1802;2;3;1;2;4;04/02/2026
1803;2;4;1;2;3;04/02/2026
1804;2;3;3;3;3;04/02/2026
1805;1;3;2;3;4;04/02/2026
1812;2;3;3;3;4;04/02/2026
1813;1;3;3;2;3;04/02/2026
1814;2;4;2;1;1;04/02/2026
1815;2;3;3;4;4;04/02/2026
1816;1;3;3;3;2;04/02/2026
1822;2;3;3;3;4;04/02/2026
1823;2;4;3;3;3;04/02/2026
1824;2;3;2;2;4;04/02/2026
1826;2;4;3;4;2;04/02/2026
1827;2;4;2;3;3;04/02/2026
1829;2;3;1;3;2;04/02/2026
1830;2;3;3;2;2;04/02/2026
1833;1;3;1;3;4;04/02/2026
1834;2;3;1;3;3;04/02/2026
1835;2;4;3;2;1;04/02/2026
1836;2;3;3;3;1;04/02/2026
1837;1;3;3;3;2;04/02/2026
1839;2;3;3;1;3;04/02/2026
1845;2;3;3;4;2;04/02/2026
1847;2;3;2;3;4;04/02/2026
1849;1;3;3;3;3;04/02/2026
1850;2;3;3;2;3;04/02/2026
1852;2;3;3;4;2;04/02/2026
1853;2;3;3;4;3;04/02/2026
1854;2;3;3;2;2;04/02/2026
1856;2;3;3;3;3;04/02/2026
1857;2;3;3;2;3;04/02/2026
1858;2;3;3;3;2;04/02/2026
1859;2;4;3;3;4;04/02/2026
1860;2;3;3;3;4;04/02/2026
1863;1;4;1;3;4;04/02/2026
1864;2;4;3;3;4;04/02/2026
1865;2;4;2;3;4;04/02/2026
1866;1;4;3;3;4;04/02/2026
1867;2;4;2;3;4;04/02/2026
1870;2;4;1;2;4;04/02/2026
1871;2;3;3;3;2;04/02/2026
1873;2;4;3;4;2;04/02/2026
1875;2;3;2;3;4;04/02/2026
1880;2;4;3;3;1;04/02/2026
1881;2;3;3;3;1;04/02/2026
1882;2;3;3;3;4;04/02/2026
1883;2;3;1;3;2;04/02/2026
1885;2;3;1;3;3;04/02/2026
1886;2;4;2;3;4;04/02/2026
1888;2;4;3;2;4;04/02/2026
1890;2;4;3;2;4;04/02/2026
1892;1;3;1;3;1;04/02/2026
1893;2;4;3;2;3;04/02/2026
1898;1;4;3;2;2;04/02/2026
1900;2;3;3;3;2;04/02/2026
1903;2;4;1;3;4;04/02/2026
1908;2;4;2;1;3;04/02/2026
1909;2;3;2;3;3;04/02/2026
1911;2;3;1;4;2;04/02/2026
1912;2;3;3;3;4;04/02/2026
1915;2;4;3;2;3;04/02/2026
1916;1;4;3;2;2;04/02/2026
1918;2;4;3;3;1;04/02/2026
1922;2;3;3;3;3;04/02/2026
1924;2;3;3;2;2;04/02/2026
1927;2;4;3;3;3;04/02/2026
1929;1;4;3;3;3;04/02/2026
1931;2;3;2;2;3;04/02/2026
1932;2;4;3;3;2;04/02/2026
1934;2;3;2;4;3;04/02/2026
1935;2;4;1;3;3;04/02/2026
1936;1;3;1;3;4;04/02/2026
1937;2;4;2;3;3;04/02/2026
1938;2;3;3;2;3;04/02/2026
1940;2;3;3;4;4;04/02/2026
1941;2;3;3;3;4;04/02/2026
1943;2;3;3;3;3;04/02/2026
1945;2;3;1;1;4;04/02/2026
1947;2;3;3;2;3;04/02/2026
1948;2;3;1;4;4;04/02/2026
1949;1;4;2;3;2;04/02/2026
1950;1;3;3;2;1;04/02/2026
1951;2;3;3;2;3;04/02/2026
1952;2;3;1;2;4;04/02/2026
1954;1;3;1;2;1;04/02/2026
1955;2;3;3;3;2;04/02/2026
1956;2;4;1;3;2;04/02/2026
1961;1;4;1;2;1;04/02/2026
1962;2;3;3;3;4;04/02/2026
1965;2;3;3;3;1;04/02/2026
1966;2;4;3;3;2;04/02/2026
1969;1;3;3;2;3;04/02/2026
1970;2;3;3;3;3;04/02/2026
1971;1;3;3;3;2;04/02/2026
1972;2;3;2;3;2;04/02/2026
1973;2;4;2;3;1;04/02/2026
1974;2;4;3;3;3;04/02/2026
1975;2;3;1;3;1;04/02/2026
1976;2;4;3;3;4;04/02/2026
1979;2;3;3;4;3;04/02/2026
1980;2;3;1;3;4;04/02/2026
1981;2;4;3;2;2;04/02/2026
1982;2;3;3;4;3;04/02/2026
1985;2;3;3;4;1;04/02/2026
1986;2;3;2;3;3;04/02/2026
1987;2;3;2;3;3;04/02/2026
1989;2;3;2;2;3;04/02/2026
1992;2;3;3;2;3;04/02/2026
1993;1;3;3;3;2;04/02/2026
1994;2;4;3;2;3;04/02/2026
1995;2;3;2;3;1;04/02/2026
1996;1;3;3;3;3;04/02/2026
1997;1;4;3;3;4;04/02/2026
1998;2;3;1;2;3;04/02/2026
1999;2;3;3;3;1;04/02/2026
2000;2;3;2;1;1;04/02/2026
2003;2;3;3;3;3;04/02/2026
2007;2;3;3;4;4;04/02/2026
2008;2;3;3;3;2;04/02/2026
2009;2;3;3;3;1;04/02/2026
2010;2;4;2;3;3;04/02/2026
2012;1;3;3;2;3;04/02/2026
2013;2;4;2;3;2;04/02/2026
2014;1;3;3;3;1;04/02/2026
2015;2;4;3;3;1;04/02/2026
2016;2;3;3;3;3;04/02/2026
2017;2;4;3;3;1;04/02/2026
2018;1;3;3;2;2;04/02/2026
2019;1;3;3;2;2;04/02/2026
2020;2;3;3;3;3;04/02/2026
2021;2;3;1;3;4;04/02/2026
2022;2;3;3;2;3;04/02/2026
2024;1;4;3;3;3;04/02/2026
2025;2;3;2;3;2;04/02/2026
2026;2;3;3;2;1;04/02/2026
2031;1;3;3;2;1;04/02/2026
2034;1;4;2;3;3;04/02/2026
2035;2;4;3;3;4;04/02/2026
2036;2;4;3;2;1;04/02/2026
2037;2;4;2;3;3;04/02/2026
2038;2;3;1;3;4;04/02/2026
2040;2;3;3;3;3;04/02/2026
2041;1;3;3;3;3;04/02/2026
2045;2;4;3;2;1;04/02/2026
2046;2;3;3;3;3;04/02/2026
2048;2;4;3;3;4;04/02/2026
2049;2;3;3;4;4;04/02/2026
2051;2;3;3;3;2;04/02/2026
2052;2;4;3;3;4;04/02/2026
2053;2;4;2;3;1;04/02/2026
2054;2;4;1;1;2;04/02/2026
2056;2;4;3;2;1;04/02/2026
2057;2;3;1;3;2;04/02/2026
2060;2;4;3;3;4;04/02/2026
2061;2;4;3;3;3;04/02/2026
2062;2;4;1;3;1;04/02/2026
2064;2;4;2;3;2;04/02/2026
2065;2;4;2;2;4;04/02/2026
2068;2;4;3;4;1;04/02/2026
